,summoner_name,league_points,puuid
0,GrandVice8,1334,OkaQSLZuy-FUjgfc_a770gWAvOtn5WLYcBN7toyVLJsc1djhBqxsj360DcaldQDCukF_G9PButnSFg
1,DeliciousMilkGG,1207,PY8453ZFDl78q0BN6ZsYU8m4U7E-4Sr2y6YcT5lNeo0th-3AuXRBb9RwGkwkUEO4ongZnqJq7d6WuQ
2,Silliest,1113,zdUfZ0_rhBEI-Gx6ai33CxZyCZymPuL0HvZEBSTAw762LhfNNT5-ejcng-X6Nc8hT7T0miZXv0xXLQ
3,Agon,1096,Mtiy5xQq2B08E8UKrWt_AcHemRq40W5xJQKfC6wIONGMCJHXRQ380TPlx115FKjSDG3xWsKBPrk-8g
4,Krmx,1087,VJQMuXGE5493waSe6PFxLrn2zPrQfMAi7ZDTBMwU7rXt3rlGuaqkTRd-RD2eujFNxpE1LBNjYGZ3ug
5,Hiraino,1070,vufERsZYvVzZKQzIUtxTyChDrvHePm6UjkOn1FmYTgSU1irJoAM041mpOqtURo15b9mB8P7oJm6owA
6,GG Milk,913,9Hido7hDNW_eDisdXh5TAkyNvU1jIo_rIddx2pfH5ewKH9ICSpn9a9xI5XZqrO1f_dGlnp0QwQiH3A
7,Kiyoon,887,-hf2mVWwWJCDuEIEKDi7qvUxNm3mhCrvSUMbH04jcHM--27_erroAjIfQ05pQWvVJ4rchq_RgkJy3g
8,SleetTFT,881,kMLfIuyq2khqQZFUguhS_L1klxsAY3ykX9XdV2ladjr3mhqPZpbO_YAbF5Riqo9lmApRwUbdrbSfBQ
9,ItzYaBoyBeasty,868,C-jDtFtdwZVxZwHwZ0sBpGEaUjUUCIsxBLqD8mcM91_GlXdnZ8i1hlH3V1sdd_Zuqn1dJmq9Z3c2IA
10,AceofSpadesDAC,817,bcq6htmng0e8fcw7hHAqNz5rHRx5kyzNCb-daI2jT_YsWZHJVk3H8revFpytWyHg2Fgfq_vSSKkcag
11,HiROKKKKJP,794,PR-tTH2hZ3EJ5je8hFBvwWuvb19Fw7jdfjlGwx63rDH-eWl3cPIEvzpTTitVcba7MY37DJ88gWxXkw
12,ttv KitingisHard,758,HvqMCayb_FVK2VAQQmH3lG4RYAoNxSUqSi4lBZqgcMumnVXNMCPzVueDMhv87Ng7icfEOHrNZtXdFw
13,Stalins Son,758,TRGX_CKmX4fYe3cfBXBKfYrO3JgjFDzJOtkNrECULtewSunsjnBujcf0f18m6KZzGfLWNdQr_7-Gog
14,Twitch RayditzFN,747,z5x-i1hcfcYRKVvIeCBcc3hI4r_HjD3hxDSx84yiYI7vJxdbXGRx5qC4i9evWTvJBdVGo8xZZ2LQcg
15,Fluffalogical,745,LS2efMe_oz99b1tturAfmz6bzvem8Xm6BWm0sKx6NrNVBNDQN6WZ1L_SLE-eBymoqP8QGcUxJtpCAg
16,Mister Lau,743,LqSCTu0mjdA9A4sKpM8-Itx50G1eTRGgQtfx-qq-eGquzjdUyqTTf1oFbXw9QdR1EGTdn2vwpxtlsg
17,A shadowy figure,724,yfarNS_ZkIKXkC03YKYA74iGbZTm4Ty0r35yxUuHJ71KGYS_0uby7sXnEtGjh9vhscXIEcZ-sIlWRw
18,ttv influrrier,723,0--wfwUqkSVW7EfUWMqV-BaUT5wJup0OJaT2Xl9hPfUvwD0Yk_3FQipePS7CgvNaNAaw461G3fDaIA
19,lilsteppy,713,hVEd7ZHkZo13YAF7au_Mq0xzm0a-XMZG_F19CZ5X_CK0plG752p-omkQsNkmwGZCGUwbCtPQSA6WWQ
20,Mismatched Socks,700,BXPswgAxjGfAfQHvaF-m7CtUdbBvZQhcviLqZwZDyDZbDniNv18bAw_ZQWgwn-MMEULjtBEa9ZzB0g
21,C9 k3soju,697,Wrf4Jb9rZdwfbYo1f6CgL7LO8o_flLlnSkufRD7g4oNCOmpcYxibec5yVlpQ77crMp2lvdT8Mcz6IQ
22,enaek,690,j2kvXIrgioGx7Oloo8pg4b2T-4ljiLZj42nmdH9zI1D7Mmfl1KAp5rlOuMb3tgH4DKyJyOeWAzODSQ
23,Xeno,679,DJHzdpot5xxxKp7e3vI1z2X-pLGG2qtH8AYLwFNC0ug_nW5vMDaT-SG0YHKHBflvMH0BOyXO3i1Ojw
24,SkySworn TFT,666,LKcTrp2oW12P0EbIAD9L1JEyElcr3ZyPx36V3IVjh90jHAnPA1kYWV7WXjXHAa5_pf5c-d7ImjOq5Q
25,wx qq258790278,654,RVZgIo-wh-VYNxs7MHvV7C6sdQbEilCUDe5fnWFqBnTOuvyYuABf2aazwMxbRDgfNkt1NweNHHQcuA
26,DLvx15299128725,639,rOXpdUUEXtwCN6BMu0Nbr44UPxJjpE0ygnk2WoiOh_uw6jWbkB5GLMXIURxFQDS0zdkEfSN_D7l5iQ
27,DxnTFT,620,QJSzX-nHRK79vm9Ofy0YjYowQKyXYobExpD5sO1LlQvrQtotJQocOmqngTsp3E-SUq6zW4Rg63wtAw
28,Blaim,617,wF8Cq3zcKyZDvVH0q53V7vcC6vsSqwNd-1WDsgbE9R5zwk5o2GU8mMuI4q12I8DOmNIz5R6CaSjMtQ
29,VX15152242663,612,RZM-dDsnLISwbDcTve90KbtTuHMQJoGz82jcJjqYbgCINXSbnXnKGaR0eYeU3CrVw_F7pXFQNfnWGw
30,C9 Khroen,596,7ylTcyszkyFZp4MiVAafM2cE6W9EFAHWdBPAyQX7IMUGrWGE6Ph_JzVudikjCl_DAItnlXrLj0bSLg
31,bertasaurus,577,JsnhC2wdfZ5uEX_mnLkjye7Wt8Nk1lceIhh0eEmiMYBNbD67o1hZKMSgT273bUO0ewu-uwrTHIBY5A
32,oFwano,551,07OWOVzQbu3I6UUjIOppKTC41PZzvwmTVe2qGvv7U1LmTOsdJmrBOkRVJ1lWoPXhq0FFZzpXMak08g
33,Nice Mister Kien,540,bqYd_6DpwKezEmuYqcPm8Gaj29cHZkIHFcy57eDG5RMYX_hLz1uxNtjGOm9My4eSr_pHJ6iZJmpTBw
34,IllllllIIIIlllll,505,fg3yaBPArqKrt76SKitJiToNfjdcRbo0B0eeEfplYS1ZXJDD20IbPIZuuPCpcsT3vzanMMbqRf4hVQ
35,BentoBot,483,tl53VDZ0d4KfxblpGBX-U3Lav__briwxVgvjMYIJCNWqQD-IBvmR6bYRj5i0GrCAUGBFP_ViHXO0Pg
36,TheMagykal,481,UsiShYgxH3X5_pNeJjE-EpBhbR4vevorLcs83aI8ZSQFaZJSt_EMVE0mVh8GVw1kumufkVlabCMKbA
37,Mean Mister Kien,472,VyCpwiJ3MifHEREwjj0cSAXHQIjFGd7UtWMBG9ZvCdlGson5kPoPQUmEDyIc7WAuUva7OzOxpwKjlA
38,TTV Kenya1,465,YHXpyLACMkqCEk4gSrIi0jKK7YtdAG1U48W1UhAehHbLDgBtIxQGaUA4SiGdii5oRrcxRViIb7KfPQ
39,TwoBiers,462,-2DD8GZmsdDZ5VD8XogYiYL19B7IvLqFiMzwVaG53x6wyJau_gv6DuubzeNveGlhN6Rzz-iMzC6YiQ
40,TheHentaiGod,456,PsFXIqw-vBoBrO6m1ziT4-Krl8MqY0DX50e_kdENPibI_TmrFbDR3jZdX_TvJF87b26kU37vbfrPEQ
41,Razorkill,442,OFxJtkosNBUDPbEAQnzP9GIi_Qd791dswMCnrNIbqrYOUEKuRRrnWMcbXArBBOKRY_B63vKNPED0VA
42,Live for the Day,434,tM2Y91gO3kMfxkW6wl_ZBTFP6et6GHwfcg8JY5XEU5pCkW_-fB3phRRkpt5Z5l-MPF3FmlxF-F1wzQ
43,DeadlyCO2,432,XbaMlVDN-P0lc8Z8PeBnqAsYAyc_J9miRyr9aoa5Cc-nrO1tVutYToXFOWhM_tDmO7d_wz-XtK-tMg
44,Hafu,424,sQX3qOsfZanR-HDvAFeA0D2FNeNYnY7tnIjreF6OVw95lVMhyyzfoH1oWTFFGZohb5N7ZMIH9s-D3g
45,Keane tft,417,05K7waY0KCutgqYr1MMprfz831SlgXGa6lrS2W4suedL60MYP1v7RL4O28rw1NIx2nfW6RIKgjFaxw
46,YesIWantSomeTea,411,9x_y1GgHH3IjqV9bAzPWrM0x_0Y20FLr3CcefePZPcZ7mOz8lI5ssV3-oF85kt4GSLIZTz1Xxcwitw
47,QwadGawd,405,p6mmOt-5JEdLam4pSVU_FOOeeYy_1Bxuob7B-bxTmnPoegLJpFrqc4SL1rehyKz6JpLBjZwo2AGUtg
48,Forest Hermit,396,qW9dhUvXTkYA1IOjPg1L-KoL4zw4EvQxdxqLiP5qJ1vogPb7xcwJMimQW8-9WTI4NtsGrUlyZ4cCCg
49,Twitch Josepao1o,361,GBkecNlSd0gE7KxMd30qEJpyTXzrGrernnzSrpagjNj2kvR8LKMniM9jfX18Xdg3T6WgZ_ZBej2P_A
50,influrrier,355,7CqYYsxGsZ5yCgooHfKMcSHi9qJ1h4gjb-H61TFCpRuBx1Kxa_Wr0kkpxophAC_0LHAzCPgyBNipcg
51,El ChapoSticks,348,CPu9b_FeYBNR8kj-Iohrx0EW8iGRfNwrbi2jfB88LVg08KEs_VAyrVqHYeuETzfDAhhOxvUOa6qx2g
52,FluffyHS,347,zfppekIbqBkisJITudni1vMEIbzDzgeNk34SO8L9LTgT85d66WI-71-6yQS5Tl27SE58EdJ4N_5JYA
53,TwTv Rokuyo,343,ygUWr-EUXClGNIqoW90gBBve5-13mTNY0CwsACJlFwRCxLtSxC1eZVp8tb6u6JCF7KJ7ko1Qvwa_KA
54,iG TheShy ToT,342,yW_cKzS6S2jjapCj5uJ_Quh7p6tsTJ4HERGZllwmp28RfR0uJ8m1R9XK0GZecsBC5VJ6Sh4DIAiQBg
55,CarrotWiz,334,pQWycSAwG7SMfp3HS1oLtNZUa9NuhPig0zQiKF9Gw69yrp5By436B7Yr12KTFMi8b8D7xBqFpy7_aQ
56,Ms MatchedSocks,332,i5CL_kAzzRJgZf4mi8c4BQoVGzrG3z5jcm6wkXkMjr_j9Q8rnDOefk5wrFA2ewrPBIgfxibwHx0MvA
57,Vorie,332,ENkcc7_SLmmotD2XwFzVBPuwvYRI2Usjbi9F1EYEVBXpYKPGlBhb-ARrlRYJF4sI3IE3T_DgdFcrhg
58,moms6res,332,tZ-TsgKwfCGI-r2miVM68YlWpmS2ZFU9j66HgDGDui6uhcBZt13elTiOUljdoRYd826P3aq4RE3jGw
59,Kurumx,331,rNr6zU0UTc03M8_LR43SddoDFf1CWfza0ejC63334ze6HYd9CJhC6u-lJSgeNqhz9b4lQytt9yDqrQ
60,OmniPie,328,FjFt-U77LpWYyADhFY8Bf1FCB3-qZtG5l8Jcs3lUVB7E1AmYmpwJ1tCylgYkCfXZxGNl5lEiLmc5mQ
61,Pumpkin K1NG,328,S4X_H884ojNq5fFkMEPcC-giB1WZbNzBG4xxN3hu0G5xlBtOi9AOsiz7G-Qk0QoCcJ7d0ugRT5ETTA
62,chickenwithboba,324,1I0nM-oSwHT8_wKpcfRNLmVogJmE_fe2Fj75tWS3X_SMFxxJ71r1CvJLDj_sYDec6bOybzXaiyZDig
63,JIGEJIUWO,318,Ep7S5_PfIl8PGt5idNzCjxx3piP2W3DF5AWgE2KwmpP3IyVZyYr0ZV31xZ4A6fVNVFuq2Q4viU9zaQ
64,HakkaNeko,313,9bhZHzIHsIQLxmcOH5yciAZHlV-GwP22yc-d_wxKYElAy3T2nYC9KF9yKY8zVh2D_sAdKxqvMf3uUw
65,paxytft,311,UgLXHuLpUytWnQDbRUbXXbobgmv_Hq2deAwTWCfmy0Jg_8uc3WDd4kqhxlzMM32xkqfYZ3B__qE2eQ
66,chitosechitose,309,iUS-RcMDCUMhYDBDM1sThFgkJWxHNQ6aNhv716BajKy82qf6-BgZpYocWixZsWNjcckMxkETelnHSA
67,exkeepcallin,300,bWZ8zsXoy66R2j9iwuLtZI-TiR1GfYdjDkBWh4Yf7a6wHa1rkMUNRS96z7A88yUz_VQtItFut2jgNg
68,BlackBigBig,296,EVEdBqTvYGs7kIDClRd-FywkXkEHE84_sIpM-ZHKKV1fS_cdMyO1xZQNJ2N3LkoOoIIstgy3fFRN4g
69,Cottontail,294,PbfQPVquuqjo-QqLBsHkC4Wr4UFh93vVY5ziNI3Z1osRXrOZT7tWvuIMklPhFrEuXNLTNYN3J9xxFw
70,FayeBae,293,o0Ps94Z5jDA1TilT43LwHaOyUuLjFKXM5AWshus3Td6dgH6mRDekYhilw-a6MxBE_greptG_Y00-1w
71,Simple Plan,285,3yW650YhBj-mJgcqQGG0obyDHGxJ7ISa1aw2QmCG2Y9mUerewEYS_0KWGq4kF83nltKMSr0CDiG3tg
72,icarus5cn,279,HGeDGOQrklxGiScizUCLq_BVn5gTYBy-DldOuy38XcaKap9o1ASZCWuQrqS52gOO9fZK48vAmPqZ0A
73,ScottyHottyTeemo,275,9rmUYbtWhlROCxlr53gUuVzas6v0QI9COaGN1ula8ewLsm8_XmVPViuYAgBGoaYGbSnGtgHn_VNHpg
74,GingerFanAccount,271,Kt5hSJj7DdRpyKVxApVjNr6jROM_eYSGjdHI7jfh5YYp2R5VjfHwIje8TKStBwDIq-FGbsy_vuuLtA
75,x BadlandzTV x,270,fuTJC-_m2i8mAkjUbgW3fLHtPZdDK3AN43EaHNHFe7-NDCIbMZdoNj_lXVrpFC_FPgo8XDkojxZ17w
76,MoistMinge,269,7JbDlm8oqwoR7bj5nOaF1ummfPaW1E_1t--2blKxJaCBhvrOZRTfDRAaAs4zT96tj96nhJ0h7PW7qw
77,Gurt Games,262,ltXPWI93UlzXneFDNdjy1aOy9MaPecMq_hFhYWzBsKP7bjGmrsdGl38Gl7vQStuflQCGvjkpuNB1CQ
78,Sinner Winclair,261,0Z56NxL_AwVKIQMYsRQ24l1eEAQ2hKknKUYots0IkC6RJy2HxIwON_R58EkoB4Mf-9ny1G9Hlt19iA
79,Hyunjinese,261,YG4bRdloxalQAlDOqpO-HMAksxgZStzKBE6xkqrWYDFMNqKfU8CbJeuvy-yGxN45exS-oDrsuNpXKQ
80,Aesah,260,2eVAtsJP2DMy6dKcIDjSJ9dyWqlrdqUx4dZfJKE160mMBcknaclhq6KpnGU429RUXglpSgtOoWSTzw
81,jªrred,259,tOnkckqEovyEckJPIaiuQcjjKt_FtQIhPWFwC3B6xoJ9RgJ0LPKJYmSx4qDYCEB1K3yE8OS6-aruVA
82,eue,247,LHCTfx1wrZzi2Quyb3N39boRl8qAv0_dpp0rSnktVjseQu9nry9KvN1KXHjzV921Bvx5ULEyw6u_Bg
83,kangzhuzhu,246,UTvX5xUdkjlGuHsotV2bw81HIE8IpS479gwIz2tCzXuwxC4YZGGVVTT06S8BFPqrUp1F4wODbTXgGQ
84,TFT Cayrub,245,CLtOOprWc0huOhx2UfUPQ5LNIkc3-GHscdbRlj8UdoFPKlYFJq_ODCqMrjJ5P8b-FwrUVnOEDh7-6Q
85,kinda,245,TCmAvc3wzMe_8UH0-v9z2UqCo_8dtsFJyFazrJwXLTQvPcbRcXJdeuiD7zJmdsUIflghsSDx0n-CoQ
86,vx daodao46,245,7XJeOEWjsVAS6wLRTa5NVxLi4vLZb1JoiWR-UG-Ze4NOfShgRFVhMoQy0nxWM1uQJnEWbVkN4KNOLA
87,The Cxk,239,DrOERvF0dStQpYHrdLF9lwjpW2letuGCjOMMyzYLCIBTmb14ZWEzqJ2tnK3SUXAn33wizmBw3M1YPw
88,dpei,233,24KeX61LWLYuCSJNqTe5gYh6OgZ02oY4oAe4gme_IT7shvxCGThTiUPunI4_QdSbQW2u7C_m3aCnVw
89,FIying Pikachu,231,jPkJc1e75JKSTlSWREhHe-FtAn34qRrwHrELeGR2WHKlOB_Q9fp_EIG92iyaNOuHmR_GNaMCnvd3Rw
90,JayGeBee,230,zbr4c6SUI4Y0Fj-nD-FKRvk-IiqfCaoU9BL8VHy6WaSvQRz2dbaqK4oc5VFNXM0_hxM09Cxd-gg8pw
91,best Taro NA,230,fNmfqNxUsbjKeCD27nlKZ81vgWaZKTX-cYKA6YI6gk3BwrxpE4qrjwoG6HQ90_kzoV_WQV4doJ02yQ
92,Sojin,228,8FzyJdpY0VcN6g4pNBHBqf52iTmMOx1w-kEaZOV-2HZSPBs3D9AKJ9W8kEcErnJshj-1tBz3lDRX0Q
93,dildoids,225,ce2jqjWc6o6Ek4KWRp63S9uGC2leRPSCVk-N2MxH9oaAG3BMfe1_ishxFSvdJ9AbBLoyMSqA1nUbpA
94,Doctor Nine,224,lk1BMxKMTYOWcN54BYlQk4a-ORNxkWNOaYbiQNx7LCdlmGlrNzQ_Up9HjV9IwEesRLGFi_5qKLnQtQ
95,Vikaros,223,KFxLM_Pf2NhXZRkbHFCaSaNpwAXRKepYdROSYKo2Oze8DWfJBzfBwdUaOzEgjHrXmfy-h0_UoBEkfg
96,Yesterday Kurrt,223,ymG_vPROWYJgBZWlGFbBcY7Xc7Tyc5icOuEDKVlgKWfwIrHdMbw59emWYRwx_NnWNpG2OAWuvvNvGQ
97,Tragoose,217,aM1RpmstaGOnrIb-SSwNGEqjYTkBxnlA1ah4dHDeb0s_E3jHG1nY5JbUQFPJ9ZPpUm4jGSevSff_aQ
98,FinaldF,216,ecrqtRTnFV6AvCySheFK6dsVqMHt7Fj-mGQk0f3a0gpi22ZKuMyead_cFZQm_-dUEiSp6EYu2o8E5A
99,Rhythming,213,-hmOHTDncnbErdvPgvR0rMGpcsSQfF25hRmw27ULi49O1-THVhwfsdYPAh9q9DNl8e5Z-WrsgcwExA
100,VX miss81032069,212,uuxR5s5k4_v75JAQmaTpCveOG1vh3cnopUzQFurfKgSK6Xjy-M394OQLIX-ADyzkBfWwU63XeHYf2w
101,Phantom TFT,209,8gnVBHpZBZgPWjlgLh5kja2k6D6rdAm4I_6D4O845O7bLPtKjoa7tJ0XTLUaXZSXJT_6anQExSCWrQ
102,H2211,208,Z7_MDq4zy7Ct6tZOnjBC0PG8oMEqoAVsdWIBQ9qnyvyoxJYUdqFVG6erdiijVoBfWekirH9pgpy0NA
103,OrAnGe JuIc3,206,YAADgesvWrBwRlljR0YjWPmhQS7DX_qB4037eFC4V1rX7I0i3bMVqG6sq27BzjtcF2uQBUbmEqKBpQ
104,Zeroqt,205,L3am0bPYcV8w8XcFBF7DhsfIeFSrKmdlb76cmd-KQbRYRHNUgBz2cwat2mjWR8cAOwvTMT8mn2qgIg
105,Olly D,204,wV3uH4toymOuQFkng6EF2qfbBYr-6xlgPeicuWB8KTPKN-ovDLLEmltRAfg-ip_xdUGga-RbKpr5Rw
106,wzc,203,TYer63ReG0DgEraZVCjLmuD67m_MkcC1-0qlDVjoWw5BBVqwc7CAiWzhOvFY8r4SkjEnyHi6CzH7AA
107,TTV PhantomTFT,201,tbQuu-sakI3W1a6LEr799SxCtM8VNxyy2-xfrofcbx3l_YzgZ1TcqYVv_ENi-HgKU9nZRmXZobZ9tQ
108,Jangsterang,201,0IF6zkPjsVsMHTfsJug4KO6ySRBXHEicgzE8w3yS_jnbQqD8Dg1wAKjfxjQ8XY7lCxwYZoy24yovsQ
109,MoistDadKisses,201,P3FB4Jk6y2gsScEKv_bMqfjsA9xYzRsTkCCYPJFAUi3BjoVHVCNlgXF2iuZGXnBsJKBNgG2HyoKo1w
110,Obitooooo,200,2SxAuDH3FrMrZWwT2vj5xCUDhtxHO8F_MRp3O_ypRfwSDqKSgPRcKTvJd-VJiZBGSr1Kd4gzD161Qg
111,Aekyo,200,fBMd7-Jdxe4tOWKZn6exp9ILFnq_a3g-2td7U9aqZf7geiAthhNIHsR4VCzYSADxgBd1k0_8zHtVCQ
112,gnimhtyhR,200,0GaYGL89Ag3yDSfbohE7fLOgIuyKRHgNFXwP3n1BLHK-Ssl6d8cn2BKqUpLD8up2go52rTadcIukaQ
113,WANG SHUO ZHE,197,d1t5MlAdzLiMmZHq6Lxcf80NwEhvxF6GJ80VyJI5fAopvwycWNZOuqx_h5mOa6fqsR1lEZK6a5-Xxg
114,micheIIe obama,196,YeJL5e3nfnlC5UdzXKMVbWRmnR1oHzKNvxnB6UOCvPHkRzHKrdKkPXr7g8SFz8r5dlSY99Tj-7v2qQ
115,4 a r p tft,195,ykPYur8pbZOLbXU7ECRQawsEf5Gw0rUfNN-pPNoVf1YCom4Q0tVKbaNjN2-ML4PPf6GfKOUOg9LMJw
116,abladeomg,191,YhIFz2NSXiFPPdrTno7gfx-648H6DTBfZtNmSsAGSFyAn39Qau6rBLplRKjBm88GjrytnYaKF4ufeQ
117,Andy Savage,191,tGhBaz9yGs8xzcZjstDaHVPK9iKI5tgkvo9hk1T-cn1a6tI0JmeKeg8G_cyGhNVoP5I6K16uSc9Qug
118,aante,189,JYMw_scGXVKXe47RMlgXCip4Ze4pxtu_-RO8IoO2cUVgMknn6r4X0aVjHA67bH7zEbrn9bAkPR9Hig
119,TFTEACHERºCOM,188,BI5Q_8r_LeMwWk5mNEOY5mZGz-ou6kR_nbm8_oAGGjtpD5VtaRDeF8KiXHiUBgzRy4oPkkxJTGzfaQ
120,LiquidHyped,186,rbxhjStDeXpCfd4v_UoWxEORi_a0pDqAfwNv2vc_lPlaTMEZ7uXeD10MvUEy1EhCARCFZ63mgsRIRg
121,Inphinit3,185,nQ24mrnSHdT1_GhlTf5LFyQyYX_IXJUieKjKstQFSvEQTIOZ9xAxLLtvpc44ZLpxYWhS3ADQAapFkA
122,Madelynn,182,oA9g_eGF9aNxizvNOeqt0EFJfsi35KwV3FhIJJOoH7cRGPFQ5nSj0LFDj354bBMa9lk3W_rYFuvGhg
123,Classiq,180,xJkQNg2MOrq972Hpa4NwgCDOpVx_EsQ60HplIC8iUekThqn-8uxaLqXjXeBwAMwsbKp90hINxBH4JQ
124,ayustat,180,h1ga-dkrXuBC2ga5ug2LhQ77vHQOcUSbvL-Eaee446l25-qT6uaJJIWdlTjxpy96ICjkqSjBIUAltA
125,DoYouWantSomeTea,180,YADEhOpkZA5Og-YKUB6dIsx5lgvL_bPQxYbJnIFSNtb6IWJBGYKtWOLozBlStLZywR3YWSb8tmmg7Q
126,ched Q2222888333,180,QBAPz3sdGjazzvvAlNG9MWKW1c8qAL493ShW28c3orIZ67SOrS7MPOZCa1-9GxR65tdEXTqnIgs_UQ
127,Nhân Tâm,180,H3mtRE_P0G9-UzEJ2ZZbvVhjxpNfGlr9v6TeMonfRg0lcmXFFzq1G9bUIeOq6KMFu3eNZfi0hxpffw
128,Alleji,179,PXs4oCNwe1bufoupP6Rz8WjYCyFhmUdTo8z4rT8VO13eTKESckOogeDC3PgJvOUvB-v4c_Q87dTI3w
129,nhocBym,178,ZL0mS1gZ9hpoawdSCvGENOkhHcXS5zimdKM5ZRPNngMfVRNI5uB-4G-Z18TE-DAD4kwB22-o0rTtVQ
130,enchabi,178,51eQJHOwcyc0K7ZU1CnnNyYMJ-UMzttDYjz6DlPAOem14TJ08Wim4UGjGNLeCOTsNLbHnEbn0BBkfg
131,Twinbambi,178,kJOPCu0jnEQ_0Eb6NQnfxabfWukVaQi0vYu0VzKsxPDUUAqdHkXMPE84OP0GRX_15J1qvTLtHuo6_Q
132,4arp,177,6tq-95PFXzryWN5k4Nq8ojoFCiV3xCg0QJlxKyMub9M2PVHP4EFhbMs5D5ZnScZ_dFUzeo35-LaCrA
133,TempestLife,176,jMnNq6k0B_LqWkaleE-LCr6SFn1WVJIYFa3mZ33-gDw0k-qabwUmZ0ezfdxBg5zCKmn8iWtH92-vQw
134,Dr Roti,175,RWWlOLSHfuJg2uophL5QXM2ERLbuw0fFnNf4FJUYcxdiRXzwa5rNogf0liaVIM4SAMPRY6IEfz6k9w
135,hunterl565,175,4X8uQyFAMOAICuleToJJkCzP_2oVKOGSGZYj8sLYfJx3_c5yCyvRH9iAtyZudu06gBszbqCQhMvjbA
136,Catybear,175,PBYSqbMg7U46NLfU6GmeqoVrWjQZcWBUqRBML9w5fvvrENOM1owwqCDaYV1vPh1aqWRgC1jRaSmtww
137,Souless,175,5tGp8cQQuIbxXYVO_5mn5vuE98LBsFfyi4AQDZ_tuJY8phzZRWBVbWEXmKE4SSiIN1t-4py7B11EWA
138,themackerel,174,etGw-jL_wr3JA0szhU_E7jwNNkTmF3lpfR21_NypWNt6jkYwc1p9ujn4oNtuIZ3w_faOidWuL3eQPQ
139,huya yueyue,172,JE7tzKng_TsrLc5fhmB5G3VzHzi1xXY2ylirhM1lgd1RxBhEpO6w7hlL-g86xsWg1WDAqQfrKdLi6Q
140,DannySaysNo,172,PkGjEuVuAj2bTf1bkCFN1nkJCY8TJxwiBS1rncGY9JbhA5NkCAWulBUUUMdqxksjn0G_eBp8fkJxsg
141,kpopfan7,172,iVm1hpjNOpKYxmJnNltsAoAlkq1e-09xajDAY682H005gjAsj7CsZmfFhXsO5U453b717gOlwVwx1w
142,wolves save me,172,ObprORZr9fz03f7EWCp-82ySTqB20d1vnwsQXwD5_Kc8yA4XzHATETgJFTzsyTiQBwMLyYlgC4AvWA
143,Little Yue Liang,171,N-YmL87KG8xmxCelEvEmw-G3Fv52NluSJXyJ51tyO8Cudrcn-4H3E2G3MCQFkCX1Hgr2JKhihGkktw
144,Me Predator,169,hZyFGdlt3_pG9O_R6onCHqgZbGgat7q7H1dcON2s2pnAa6B6Y2QPZAsRNnOFo_ktVbDQHotoCdb5gQ
145,TingaTaco,169,aWvani9hFaZq6vts39KNrzExdMzAjM6gyt1JVCldPy9NosO1FvLSlS28_1RAO0E7T865tHXCcrZBfw
146,Boosted Alistar,168,3zsU6HdMWHyrAGWAxC1goPE9OeJFrwShSlJHdeMIfwYdLU4Jt57-AYr5A-Mq0hlZ5IXngQ3IpIRvAw
147,Marquez,168,RWXNp7kMIorYdJy6MmijAXQ-FG--ODkJcFCziecsC8W2Svj57E15gxIHcmJyPaZzGjeemwBg_LLF8A
148,Kyouko Hori,167,HbYsPpRS3X2RaQ8n5Sm9n2gKU80f927PzBk_krw4kdyRG6vys-m5-8QCv7J-PHPkdlWGeW_srKmJ_w
149,Jqua,166,nlM8tRgxm8Xk8MFCKsWlXSRC_GL3EE0xme1c6jAv2OSGVukW9jKwNwhX7F0LSgW8rD8GAINesM5BPg
150,Moonpaw NA,165,lFquKEZ1xy2tIaVPPIdQeONRAgWJL7dbmjl1xoC2BvnbgJONXN4ytil9tSPpRd_uuUX9P6l7s1zioA
151,Dios12138,164,btaPZ2mT9KgyT5LqCIeel4gCplCBU1J1N40myV5I2TszkS2kFh1kuFBPOMwAtyyUmWmb-7NLLtXb8Q
152,BlakeAustin,164,HxnLIWHndGuZevays_oWEBvxSSR6mbG_Ga7MRDY_4jS05Hdf33CXICzmRUInAv59TY7f8uIgXDEEcg
153,        N o c a,163,ccRowv9nNe3aNSobeTQR4QgArEpUuwHLu9ZxsjQ6Vo-rrWmODvg9ynUb02BeTSFYfF_pYoo7wJIPwA
154,piggy2448,163,3FTa65xsqr8S-G-pDZamDGe2r0A_aufwzLm-zjDveF-V7AK8e1lGGwAs2gs8BVvnlksYwbiT0qbWdg
155,sb mouse,161,hwRGfScOZ3sXlD8kzgpGm68IUMPwC8WydDCubnmmVdCG7Y7I5HGE6YU1s9r4-LlI5-1TQ0cNlzwOig
156,Waakzaamheid,160,I1G6f4SA-5mgYHwK8nbvmbzncG3tKW9uTe2IAhBRbSo7bx6jf4XGJqnCd8RnA57UhFps9fBIadd5bg
157,chainpullz,156,xrV7KLYdmME1_r0s6DFsSEToKBn1nWudCGNAgKEx2PUFB9uNv1EwVV5fvCGSR3kX-89u5uxcUb30Aw
158,the OCE special,155,oQyPRL6sWc9-gNIqC3RjHFTTyH_t854WETjRyFYfMoNp-4GyFPqyvccPRx0UbLyf33DplOUFLqekkQ
159,Scoped32,153,jWAkL3q6QfUo0VtUgksS5Mg1Gew76nJOk_BWx2VKzlolSE89A9MQFQ4sw3gQltwxIqiZglN8L6kpdg
160,Xu Keke,153,hEH7eIl1m7Ir-Uuu_kO9LzvacttWjvIZjgxYgBc8GasH6nHKKWhg8BE3HgmTH7bzB1YVLCm_MMmeJA
161,Sojii,152,v_zfUhHCD2lPbPrKE5GaxnTkaoY_VuIuUqp4wTKtoa19nRa6SwRtsUa5UpHsCzU0rCTMTdEhEzz_Qg
162,flanne,152,mVsz80K-XvAzToP3khvDEm0ZGXyK9DBMcyg-yyc9pLdFTXxgm_DlXJrk1bkIrV9jq9M6yBQauvhy4Q
163,F1 Flow,150,it0oaLZGsfkbiJoy3Cw-Tfcx4DCBN6lX0IJsOsf8cIf5QYlGu7DO4068wHAuHPkDvqLOZeelGhyYWQ
164,Lion,150,5oIpKzf0CSEF-Wl-6uumu5kgU38tWzQTEavQ6QyncubXimxkHP5YQe_-B7-VVAkwfe7KKVNSnq698A
165,3daysc1,149,d5gbuTWsCgw8Xze47jXbij3o1Ey2TwyZm7_IcS8G3X96GsULCDeS2GTUONXS1FP8hE1oKn9lG9YQjw
166,WakaWakaWaka,149,wCgN-n7TkdFgfksjaXCeUegwIKm-kQHp8beJs9W2-sHoQNXaJU7lGVmRqRoUrfeX4TYBST2HBSQz7w
167,Stompalittle,149,En_vTjt7Dmn9Xi8uWl2N_OBZZxjXwzFXBJUx3JkBI05j0Q09X8t955ejoS0OKx-AXHCdy-OEyAToog
168,yoohyeon fanclub,148,ELtY718rHfroXSGxxjTLh35qHtSQhlp2f4K50eq2xOtHbl8WfnebDYiWQ2AffTgeFwxPsRcXh6yyAA
169,George Brown,146,Bkav-WuyOGCgB9PPicOIEoJ6MSsdwIh9QCezy0FLTG3FAtG0f32dPxFr9NYlq2Paav1723WiZT4vgQ
170,Youaresopretty,145,iYT_SNOWag-SHHKNNKyvcpDv8yf7ndMkKzDDSrBgUdWjOt6TnZN5bTHDxem9xhCGOLk0Gb954dkZyA
171,zugrug,145,dRn--Y6uAd3v6QO-htPxckkm7fHMWCBu9G6Ph9uadOOi-FsiJ8_6FVr5vzkJYfhQXDNVScwwymo-Ig
172,WhySofaKing,145,SFfi5lALgAwMQhcByxdAuRfEO_e7hREkUa03yTGOWKyFQ7-7XLAE-vjfIc-4vxGTRuMillQqxjnRCw
173,ajmonsta,145,J80YaRjROxYL_h8kjXTB0PpWMpTKxGjtQOC42VGKOUgquGYeaSaCRCrJQs8ry1oWWxTlsj_gHdUdIg
174,Kinase2,144,GfGaXPvVRFmX3m-OWEubdNPIDRGdSBIvQcxGHzDP4Y015fepGnP-Fwm1VmLYqwqjvTJXqBYn87leKA
175,Mikuya,143,6puGguwOx9xb_FPl9JtouskpxTTvU_OJA979FJbZvAj2Q-N9AoFp7q_xpdXfapvB6KJggdQytyPMBw
176,Obbu,142,6b0PF4sNhwKPBDhV6X_JT0qaZjRvl4BJjvBKXjit6QBKHZd2Bu52VvyZQCKlpLcpgtq39ce5UoZNRg
177,adelie,141,9ad-Aug-um2Itwyr2FBoa421zIQr_yAFTKmSBZB0vEAy7uxiVqgOq1gS9kYpJdPDyy46im4lImzqAA
178,Jeff Young,141,fpOuErhjXfE3MWBKTlBKOoqvpgKg11_3mEfGtez2r0U_wnf1FBYI8GzH2NW5rtKIjUL3Bvmhq8_tkg
179,suddenly heart,140,aVCyjEDR5WvYJTio2gxYs65z0vWWLSMSu1VZCUAGzUA9Cx5BnenGYr0hMbGwetJxyMnFbty0_kIhBA
180,Âzarin,140,wTc8lybbAScRF77ickCaPFPg0u0skqF6p4U6Tx8npazUyu5sc_n5dgkprNJlwQE5FWO0OwIHMx4giw
181,Zadust TFT,139,RfRVCUMHyrILEf2foRMbAULMvNShUYlfjhyoXmaPmRq24K5BfHVKCoPcMUKSn-2FEwXUYk3PA-VlEg
182,andrew tilts,139,ciU8zYaOdT5xQ8ziU1ERyBQPO0Vcr54jALH9G49ikfelzuRWx970QkosNI2LaUiUlA3LH64Dp29b_g
183,Governance,138,gwsMyC_QId8U6Gary5yzYEpiyivebISKpjGKKOWgxp8-v0rrkEGJiFv6zH90tzm9BAL4TS6UO1Ww5w
184,IGtI,138,7-2rEFyjGMDrYEioVgf-lyeL1q08kBlNrZxkesJeTy0uePulITTj4VrTZFUJcBjx8YgtUboG0E-0NA
185,BabyKoi,136,1fv-r7EqO4tSxMIEBiukilFEz8_ZEQYHFVD-y8cjfUwmZAEJ-tf0Z6fSxoiUnpk_MOYnilgvXkj0ag
186,Kenshin3225,136,0tL0APDZb6Q4RuL0jOLSyV7igv4OKVIA7zan7C_mHIvTOUGSHWu70MTRVdOc8-A2aV5VODgra2IuxQ
187,running 300golds,135,hAOu4zP-aPb88CCL-W0Nxm_78xfgo_vQMNYjtAz8qu7TvUyteK-LWS9JbgS0Yywat7W9FlZGxTmx8A
188,seyyy,134,wSpIb59Mk9pLzEl8wrE7NZT1J7viw6FLLC8joZV9ceuiY2b5dIoL-43TRmkKzLZeyJq-1t1d9beIyA
189,Fomw,134,FFrShJBwtUkQ2XonxUOeQ0Klbm9qqnjSTRMTj1jyBUI5mk05CmyrcfAT7ePSBo9mtgTBdMVZXRHX_A
190,scarra,133,U198fhJguFcmGm2XhtFnuBwm7LqNDnbj4QM6EoVaA6BY6LzeWjSyM_AG2UMOOhI1ywTCVlFBUuaxhQ
191,TipFT,132,EtZ3iJPmtdhqHLl-VdYC8dguuR0dLtzx5K4KWyjR6kBDU_iEn4rUCVr_dwj2s9Usq3P-gVhLxFmr0A
192,TTV DonKadabra,131,BKWDW1kgsZb7WGqQcPbF_6Hg-HJ2cMTZv4FGb1jALIOBvmdP3lNd8so786NpKgHM89y7A7eHKgDCkQ
193,asdfkeyboard,130,foLnnS_KUAz6hm46EfJS34cqPT6hOBhTZIGMd-nNV2ecb4M-ZNefrsv8x-ERkynIhAAKN3M0XG8XTQ
194,Knight of Five,124,4Jdfp1k0WgX1TRcCYwoT-x62I5jMLoeSzkbP4qqZ28FESmGtRpZWh3JxXz_at0xfIJplraAO_sPjiQ
195,Ex Railgun,120,bFQ1v3MkwLuFtOmmU1JgwQu-TE7w2LAa6ihU-zSSoqcXwLQpgeuUk29efs4d4wMWd6Ci63HzZyjy8A
196,Azumo,114,zqelCdkKSSNGoCJA9msW7sP-wmzIW0HPG8b8ElUMwLCIMlDTxkQbJzjvt0gGD-d2XOkwS-hNi4-BFQ
197,Vitamnss,92,0IwarPYZlbthvgi20PEDEubOGEPs2G6dQLxcgZ-C6NHYwl9DyWhCC4Ps0fC38txGTiutJhnfqKmTfw
198,firest0ne,77,Wnwf5-10yZz4KMzWFXYf4F3y0um3PLAqYwFhVg3lJe0IkoP8fkuE_BiWW9nNY6IFs38AgEELS6pNPw
199,GreenbeingTFT,59,MmQ9S18WFQcAwNH1zAFuoiJeTKj9S0KYe6dl6Fe2YVuQkMvsNX3uHKYCM97gqlic-rHCiZE5czr4sQ
